{"avg_query_time_ms":4.0481773118391195e-16,"select_avg_query_time_ms":3.181943215450914,"create_avg_query_time_ms":5.037611528428381,"update_avg_query_time_ms":8.96493563092516,"delete_avg_query_time_ms":18.479483390862946}