{"avg_query_time_ms":4.048135964032124e-16,"select_avg_query_time_ms":3.1819436540693156,"create_avg_query_time_ms":5.037434409741164,"update_avg_query_time_ms":8.964670168342714,"delete_avg_query_time_ms":18.479483390862946}