{"avg_query_time_ms":4.048266988416389e-16,"select_avg_query_time_ms":3.182012595738152,"create_avg_query_time_ms":5.037611528428381,"update_avg_query_time_ms":8.965130771000926,"delete_avg_query_time_ms":18.479483390862946}