{"avg_query_time_ms":4.0482909305018066e-16,"select_avg_query_time_ms":3.182030308673987,"create_avg_query_time_ms":5.037726980180525,"update_avg_query_time_ms":8.96516683456576,"delete_avg_query_time_ms":18.479483390862946}