{"avg_query_time_ms":4.0482261919396215e-16,"select_avg_query_time_ms":3.181980432696443,"create_avg_query_time_ms":5.037611528428381,"update_avg_query_time_ms":8.965019244434707,"delete_avg_query_time_ms":18.479483390862946}