{"avg_query_time_ms":4.0484123038897317e-16,"select_avg_query_time_ms":3.1821222919061087,"create_avg_query_time_ms":5.038042908365731,"update_avg_query_time_ms":8.9655992900643,"delete_avg_query_time_ms":18.479483390862946}