{"avg_query_time_ms":4.048361591443572e-16,"select_avg_query_time_ms":3.182083294833291,"create_avg_query_time_ms":5.03789509482303,"update_avg_query_time_ms":8.965374115784192,"delete_avg_query_time_ms":18.479483390862946}