{"avg_query_time_ms":4.0481552226006195e-16,"select_avg_query_time_ms":3.181926334802174,"create_avg_query_time_ms":5.037577781175694,"update_avg_query_time_ms":8.964880523860476,"delete_avg_query_time_ms":18.479483390862946}