{"avg_query_time_ms":4.0481152889417078e-16,"select_avg_query_time_ms":3.1819276188388548,"create_avg_query_time_ms":5.03742576799749,"update_avg_query_time_ms":8.96471710261628,"delete_avg_query_time_ms":18.479483390862946}