{"avg_query_time_ms":4.048104340015395e-16,"select_avg_query_time_ms":3.1818933160056364,"create_avg_query_time_ms":5.037543806053401,"update_avg_query_time_ms":8.964856413765483,"delete_avg_query_time_ms":18.479483390862946}