{"avg_query_time_ms":4.0483309955587446e-16,"select_avg_query_time_ms":3.182061125309343,"create_avg_query_time_ms":5.037737919252136,"update_avg_query_time_ms":8.965224313451376,"delete_avg_query_time_ms":18.479483390862946}