{"avg_query_time_ms":4.048390950077327e-16,"select_avg_query_time_ms":3.1821063805516405,"create_avg_query_time_ms":5.038034372002458,"update_avg_query_time_ms":8.9654643048001,"delete_avg_query_time_ms":18.479483390862946}